<?xml version="1.0" encoding="UTF-8"?>
<project-private xmlns="http://www.netbeans.org/ns/project-private/1">
    <editor-bookmarks xmlns="http://www.netbeans.org/ns/editor-bookmarks/2" lastBookmarkId="0"/>
    <open-files xmlns="http://www.netbeans.org/ns/projectui-open-files/2">
        <group>
            <file>file:/C:/Users/Ivan/Documents/Universidad/OneDrive%20-%20Universidad%20La%20Salle%20Bajío/Semestre%20Dos/Programacion%20Estructurada%20y%20Orientada%20a%20Objetos/Proyectos%20NetBeans/ListasD/src/edu/udls/listasd/modelo/Nodo.java</file>
            <file>file:/C:/Users/Ivan/Documents/Universidad/OneDrive%20-%20Universidad%20La%20Salle%20Bajío/Semestre%20Dos/Programacion%20Estructurada%20y%20Orientada%20a%20Objetos/Proyectos%20NetBeans/ListasD/src/edu/udls/listasd/vista/Principal.java</file>
            <file>file:/C:/Users/Ivan/Documents/Universidad/OneDrive%20-%20Universidad%20La%20Salle%20Bajío/Semestre%20Dos/Programacion%20Estructurada%20y%20Orientada%20a%20Objetos/Proyectos%20NetBeans/ListasD/src/edu/udls/listasd/modelo/ListaD.java</file>
        </group>
    </open-files>
</project-private>
