<?xml version="1.0" encoding="UTF-8"?>
<project-private xmlns="http://www.netbeans.org/ns/project-private/1">
    <editor-bookmarks xmlns="http://www.netbeans.org/ns/editor-bookmarks/2" lastBookmarkId="0"/>
    <open-files xmlns="http://www.netbeans.org/ns/projectui-open-files/2">
        <group>
            <file>file:/C:/Users/Ivan/Documents/Universidad/Semestre%20Dos/Programacion%20Estructurada%20y%20Orientada%20a%20Objetos/Proyectos%20NetBeans/Arreglos_Objetos/src/edu/udls/arreglosobjetos/modelo/Alumno.java</file>
            <file>file:/C:/Users/Ivan/Documents/Universidad/Semestre%20Dos/Programacion%20Estructurada%20y%20Orientada%20a%20Objetos/Proyectos%20NetBeans/Arreglos_Objetos/src/edu/udls/arreglosobjetos/vista/Principal.java</file>
            <file>file:/C:/Users/Ivan/Documents/Universidad/Semestre%20Dos/Programacion%20Estructurada%20y%20Orientada%20a%20Objetos/Proyectos%20NetBeans/Arreglos_Objetos/src/edu/udls/arreglosobjetos/controlador/Operaciones.java</file>
        </group>
    </open-files>
</project-private>
